INSERT INTO Semester VALUES (1), (2), (3), (4);
INSERT INTO Category VALUES (1,'Chimie') , (2,'Electronique'),(3,'Géographie'),(4,'Informatique'),(5,'Mathématiques'),(6,'MIASHS'),(7,'Physique'),(8,'Sciences de la Terre'),(9,'Sciences de la Vie');
INSERT INTO TeachingUnit (id, name, code, description, semester, category) VALUES
(1,'Structure Microscopique de la Matiere','S1C1','Indisponible',1,1),
(2,'Chimie des Solutions','S3C2','Indisponible',3,1),
(3,'Chimie organique Fonctionnelle I','S3C3','Indisponible',3,1),
(4,'Matériaux I','S3C4','Indisponible',3,1),
(5,'Reactions et reactivites chimiques','S2C5','Indisponible',2,1),
(6,'Thermodynamique chimique','S2C6','Indisponible',2,1),
(7,'Vision macroscopique des molécules','S4C7','Indisponible',4,1),
(8,'Matériaux II','S4C8','Indisponible',4,1),
(9,'Chimie Organique Fonctionnelle II','S4C9','Indisponible',4,1),
(10,'Bloc de Chimie Expérimentale','S4C10','Indisponible',4,1),

(11,'Electronique numerique - Bases','S1C11','Indisponible',1,2),
(12,'Automatique : une introduction','S3C12','Indisponible',3,2),
(13,'Système embarqué I','S3C13','Indisponible',3,2),
(14,'Physique des capteurs','S3C14','Indisponible',3,2),
(15,'Electronique analogique','S2C15','Indisponible',2,2),
(16,'Communication sans fil','S2C16','Indisponible',2,2),
(17,'Système optimisé en énergie','S4C17','Indisponible',4,2),
(18,'Electronique analogique avancée','S4C18','Indisponible',4,2),
(19,'Architecture des processeurs ','S4C19','Indisponible',4,2),
(20,'Systèmes embarqués II','S4C20','Indisponible',4,2),

(21,'Decouverte I','S1C21','Indisponible',1,3),
(22,'Decouverte II','S1C22','Indisponible',1,3),
(23,'Disciplinaire I','S1C23','Indisponible',1,3),
(24,'Disciplinaire III','S3C24','Indisponible',3,3),
(25,'Disciplinaire IV','S3C25','Indisponible',3,3),
(26,'Disciplinaire V','S3C26','Indisponible',3,3),
(27,'Appofondissement hors géographie I','S3C27','Indisponible',3,3),
(28,'Decouverte III','S2C28','Indisponible',2,3),
(29,'Decouverte IV','S2C29','Indisponible',2,3),
(30,'Disciplinaire II','S2C30','Indisponible',4,3),
(31,'Disciplinaire VI','S2C31','Indisponible',4,3),
(32,'Disciplinaire VII','S4C32','Indisponible',4,3),
(33,'Disciplinaire VIII','S4C33','Indisponible',4,3),
(34,'Approfondissement hors géographie II','S4C34','Indisponible',4,3),

(35,'Bases de l''informatique','S4C35','Indisponible',1,4),
(36,'Introduction à l''informatique par le web','S4C36','Indisponible',1,4),
(37,'Structures de données et programmation C ','S4C37','Indisponible',3,4),
(38,'Bases de donnée','S4C38','Indisponible',3,4),
(39,'Outils formels de l''informatique','S4C39','Indisponible',3,4),
(40,'Systeme I: Unix et programation shell','S4C40','Indisponible',2,4),
(41,'Programmation imperative','S4C41','Indisponible',2,4),
(42,'Algorithmique I','S4C42','Indisponible',4,4),
(43,'Réseaux et télécommunication','S4C43','Indisponible',4,4),
(44,'Systèmes II: mécanismes internes des systèmes d''exploitation','S4C44','Indisponible',4,4),
(45,'Introduction aux systèmes intelligents','S4C45','Indisponible',4,4),
(46,'Technologies du web','S4C46','Indisponible',4,4),

(47,'Fondements I','S4C47','Indisponible',1,5),
(48,'Méthodes : approche continue','S4C48','Indisponible',1,5),
(49,'Complements I','S4C49','Indisponible',1,5),
(50,'Fondements III','S4C50','Indisponible',3,5),
(51,'Compléments d''Analyse','S4C51','Indisponible',3,5),
(52,'Compléments d''Algèbre','S4C52','Indisponible',3,5),
(53,'Méthodes : Mathématiques et ingénierie','S4C53','Indisponible',3,5),
(54,'Méthodes : approche géométrique','S4C54','Indisponible',3,5),

(55,'Fondements II','S4C55','Indisponible',2,5),
(56,'Méthodes : approche discrète','S4C56','Indisponible',2,5),
(57,'Complements II','S4C57','Indisponible',2,5),
(58,'Analyse','S4C58','Indisponible',4,5),
(59,'Probabilités et Introduction à la Statistiques','S4C59','Indisponible',4,5),
(60,'Algèbre','S4C60','Indisponible',4,5),
(61,'Résolution numérique des systèmes d''équations linéaires et non-linéaires','S4C61','Indisponible',4,5),
(62,'Méthodes : approche aléatoire','S4C62','Indisponible',4,5),

(63,'Economie-Gestion','S1C63','Indisponible',1,6),
(64,'Economie-Gestion','S3C64','Indisponible',3,6),
(65,'Introduction R','S3C65','Indisponible',3,6),
(66,'Economie-Gestion','S2C66','Indisponible',2,6),
(67,'Economie-Gestion','S4C67','Indisponible',4,6),
(68,'Mathématiques pour la finance','S4C68','Indisponible',4,6),

(69,'Mecanique I','S1C69','Indisponible',1,7),
(70,'Electromagnétisme I','S3C70','Indisponible',3,7),
(71,'Thermodynamique I','S3C71','Indisponible',3,7),
(72,'Outils et Méthodes I','S3C72','Indisponible',3,7),
(73,'Optique I','S2C72','Indisponible',2,7),
(74,'Mécanique II','S2C74','Indisponible',2,7),
(75,'Electromagnétisme II','S4C75','Indisponible',4,7),
(76,'Ondes','S4C76','Indisponible',4,7),
(77,'Mathématiques pour la Physique I','S4C77','Indisponible',4,7),
(78,'Mécanique  III','S4C78','Indisponible',4,7),
(79,'Outils et Méthodes II','S4C79','Indisponible',4,7),
(95,'Outils et Méthodes 2D','S4C95','Indisponible',4,7),

(80,'Decouverte des sciences de la terre','S1C80','Indisponible',1,8),
(81,'Atmosphère, Océan, Climats','S3C81','Indisponible',3,8),
(82,'Le temps en Géosciences','S3C82','Indisponible',3,8),
(83,'Physique de la Terre','S3C83','Indisponible',3,8),
(84,'Materiaux terrestres','S3C84','Indisponible',3,8),
(85,'Structure et dynamique de la terre','S2C85','Indisponible',2,8),
(86,'Atmosphère, Océan, Climats ','S2C86','Indisponible',2,8),
(87,'Géologie Structurale et Tectonique','S4C87','Indisponible',4,8),
(88,'Formation et Evolution des Bassins Sédimentaires','S4C88','Indisponible',4,8),
(89,'Géomécanique','S4C89','Indisponible',4,8),
(90,'Du paysage à la carte','S4C90','Indisponible',4,8),

(91,'Org. Mecanismes Moleculaires Cellules Eucaryotes','S1C91','Indisponible',1,9),
(92,'Genetique. Evolution. Origine Vie et Biodiversite','S1C92','Indisponible',1,9),
(93,'Physiologie. Neurologie. Enzymologie.','S2C93','Indisponible',2,9),
(94,'Diversite du Vivant','S2C94','Indisponible',2,9);